{
  "src": [
    "flute_tune.mp3"
  ],
  "sprite": {
    "bansuri": [
      0,
      734.2630385487529
    ],
    "basoon": [
      2000,
      445.94104308390035
    ],
    "oboe": [
      4000,
      1978.6848072562354
    ],
    "piccolo": [
      7000,
      553.0839002267571
    ],
    "sehnai": [
      9000,
      962.7664399092968
    ],
    "pan_flute": [
      11000,
      354.48979591836684
    ],
    "long_basoon": [
      13000,
      553.7664399092968
    ],
    "ornate": [
      15000,
      962.7664399092968
    ],
    "horn": [
      17000,
      553.7664399092968
    ],
  }
}
